tile,dirt_tile_1,32,32,0
tile,dirt_tile_1,32,96,0
tile,dirt_tile_1,32,160,0
tile,dirt_tile_1,32,224,0
tile,dirt_tile_1,32,288,0
tile,dirt_tile_1,32,352,0
tile,dirt_tile_1,32,416,0
tile,dirt_tile_1,32,480,0
tile,dirt_tile_1,32,736,0
tile,dirt_tile_1,32,800,0
tile,dirt_tile_1,32,864,0
tile,dirt_tile_1,32,928,0
tile,dirt_tile_1,32,992,0
tile,dirt_tile_1,32,1056,0
tile,dirt_tile_1,32,1120,0
tile,dirt_tile_1,32,1184,0
tile,dirt_tile_1,32,1248,0
tile,dirt_tile_1,32,1312,0
tile,dirt_tile_1,32,1376,0
tile,dirt_tile_1,32,1440,0
tile,dirt_tile_1,32,1504,0
tile,dirt_tile_1,32,1568,0
tile,dirt_tile_1,32,1632,0
tile,dirt_tile_1,32,1696,0
tile,dirt_tile_1,32,1760,0
tile,dirt_tile_1,32,1824,0
tile,dirt_tile_1,32,1888,0
tile,dirt_tile_1,32,1952,0
tile,dirt_tile_1,32,2016,0
tile,dirt_tile_1,32,2080,0
tile,dirt_tile_1,32,2144,0
tile,dirt_tile_1,32,2208,0
tile,dirt_tile_1,32,2272,0
tile,dirt_tile_1,32,2336,0
tile,dirt_tile_1,32,2400,0
tile,dirt_tile_1,32,2464,0
tile,dirt_tile_1,32,2528,0
tile,dirt_tile_1,32,2592,0
tile,dirt_tile_1,32,2656,0
tile,dirt_tile_1,32,2720,0
tile,dirt_tile_1,32,2784,0
tile,dirt_tile_1,32,2848,0
tile,dirt_tile_1,32,2912,0
tile,dirt_tile_1,32,2976,0
tile,dirt_tile_1,32,3040,0
tile,dirt_tile_1,32,3104,0
tile,dirt_tile_1,32,3168,0
tile,dirt_tile_1,32,3232,0
tile,dirt_tile_1,32,3296,0
tile,dirt_tile_1,32,3360,0
tile,dirt_tile_1,32,3424,0
tile,dirt_tile_1,32,3488,0
tile,dirt_tile_1,32,3552,0
tile,dirt_tile_1,32,3616,0
tile,dirt_tile_1,32,3680,0
tile,dirt_tile_1,32,3744,0
tile,dirt_tile_1,32,3808,0
tile,dirt_tile_1,32,3872,0
tile,dirt_tile_1,32,3936,0
tile,dirt_tile_1,32,4000,0
tile,dirt_tile_1,32,4064,0
tile,dirt_tile_1,32,4128,0
tile,dirt_tile_1,32,4192,0
tile,dirt_tile_1,32,4256,0
tile,dirt_tile_1,32,4320,0
tile,dirt_tile_1,32,4384,0
tile,dirt_tile_1,32,4448,0
tile,dirt_tile_1,32,4512,0
tile,dirt_tile_1,32,4576,0
tile,dirt_tile_1,32,4640,0
tile,dirt_tile_1,32,4704,0
tile,dirt_tile_1,32,4768,0
tile,dirt_tile_1,32,4832,0
tile,dirt_tile_1,32,4896,0
tile,dirt_tile_1,32,4960,0
tile,dirt_tile_1,32,5024,0
tile,dirt_tile_1,32,5088,0
tile,dirt_tile_1,32,5152,0
tile,dirt_tile_1,32,5216,0
tile,dirt_tile_1,32,5280,0
tile,dirt_tile_1,32,5344,0
tile,dirt_tile_1,32,5408,0
tile,dirt_tile_1,32,5472,0
tile,dirt_tile_1,32,5536,0
tile,dirt_tile_1,32,5600,0
tile,dirt_tile_1,32,5664,0
tile,dirt_tile_1,32,5728,0
tile,dirt_tile_1,32,5792,0
tile,dirt_tile_1,32,5856,0
tile,dirt_tile_1,32,5920,0
tile,dirt_tile_1,32,5984,0
tile,dirt_tile_1,32,6048,0
tile,dirt_tile_1,32,6112,0
tile,dirt_tile_1,32,6176,0
tile,dirt_tile_1,32,6240,0
tile,dirt_tile_1,32,6304,0
tile,dirt_tile_1,32,6368,0
tile,dirt_tile_1,32,6432,0
tile,dirt_tile_1,32,6496,0
tile,dirt_tile_1,32,6560,0
tile,dirt_tile_1,32,6624,0
tile,dirt_tile_1,32,6688,0
tile,dirt_tile_1,32,6752,0
tile,dirt_tile_1,32,6816,0
tile,dirt_tile_1,32,6880,0
tile,dirt_tile_1,32,6944,0
tile,dirt_tile_1,32,7008,0
tile,dirt_tile_1,32,7072,0
tile,dirt_tile_1,32,7136,0
tile,dirt_tile_1,32,7200,0
tile,dirt_tile_1,32,7264,0
tile,dirt_tile_1,32,7328,0
tile,dirt_tile_1,32,7392,0
tile,dirt_tile_1,32,7456,0
tile,dirt_tile_1,32,7520,0
tile,dirt_tile_1,32,7584,0
tile,dirt_tile_1,32,7648,0
tile,dirt_tile_1,32,7712,0
tile,dirt_tile_1,32,7776,0
tile,dirt_tile_1,32,7840,0
tile,dirt_tile_1,32,7904,0
tile,dirt_tile_1,32,7968,0
tile,dirt_tile_1,32,8032,0
tile,dirt_tile_1,32,8096,0
tile,dirt_tile_1,32,8160,0
tile,dirt_tile_1,96,32,0
tile,dirt_tile_1,96,96,0
tile,dirt_tile_1,96,160,0
tile,dirt_tile_1,96,224,0
tile,dirt_tile_1,96,288,0
tile,dirt_tile_1,96,352,0
tile,dirt_tile_1,96,416,0
tile,dirt_tile_1,96,480,0
tile,dirt_tile_1,96,736,0
tile,dirt_tile_1,96,800,0
tile,dirt_tile_1,96,864,0
tile,dirt_tile_1,96,928,0
tile,dirt_tile_1,96,992,0
tile,dirt_tile_1,96,1056,0
tile,dirt_tile_1,96,1120,0
tile,dirt_tile_1,96,1184,0
tile,dirt_tile_1,96,1248,0
tile,dirt_tile_1,96,1312,0
tile,dirt_tile_1,96,1376,0
tile,dirt_tile_1,96,1440,0
tile,dirt_tile_1,96,1504,0
tile,dirt_tile_1,96,1568,0
tile,dirt_tile_1,96,1632,0
tile,dirt_tile_1,96,1696,0
tile,dirt_tile_1,96,1760,0
tile,dirt_tile_1,96,1824,0
tile,dirt_tile_1,96,1888,0
tile,dirt_tile_1,96,1952,0
tile,dirt_tile_1,96,2016,0
tile,dirt_tile_1,96,2080,0
tile,dirt_tile_1,96,2144,0
tile,dirt_tile_1,96,2208,0
tile,dirt_tile_1,96,2272,0
tile,dirt_tile_1,96,2336,0
tile,dirt_tile_1,96,2400,0
tile,dirt_tile_1,96,2464,0
tile,dirt_tile_1,96,2528,0
tile,dirt_tile_1,96,2592,0
tile,dirt_tile_1,96,2656,0
tile,dirt_tile_1,96,2720,0
tile,dirt_tile_1,96,2784,0
tile,dirt_tile_1,96,2848,0
tile,dirt_tile_1,96,2912,0
tile,dirt_tile_1,96,2976,0
tile,dirt_tile_1,96,3040,0
tile,dirt_tile_1,96,3104,0
tile,dirt_tile_1,96,3168,0
tile,dirt_tile_1,96,3232,0
tile,dirt_tile_1,96,3296,0
tile,dirt_tile_1,96,3360,0
tile,dirt_tile_1,96,3424,0
tile,dirt_tile_1,96,3488,0
tile,dirt_tile_1,96,3552,0
tile,dirt_tile_1,96,3616,0
tile,dirt_tile_1,96,3680,0
tile,dirt_tile_1,96,3744,0
tile,dirt_tile_1,96,3808,0
tile,dirt_tile_1,96,3872,0
tile,dirt_tile_1,96,3936,0
tile,dirt_tile_1,96,4000,0
tile,dirt_tile_1,96,4064,0
tile,dirt_tile_1,96,4128,0
tile,dirt_tile_1,96,4192,0
tile,dirt_tile_1,96,4256,0
tile,dirt_tile_1,96,4320,0
tile,dirt_tile_1,96,4384,0
tile,dirt_tile_1,96,4448,0
tile,dirt_tile_1,96,4512,0
tile,dirt_tile_1,96,4576,0
tile,dirt_tile_1,96,4640,0
tile,dirt_tile_1,96,4704,0
tile,dirt_tile_1,96,4768,0
tile,dirt_tile_1,96,4832,0
tile,dirt_tile_1,96,4896,0
tile,dirt_tile_1,96,4960,0
tile,dirt_tile_1,96,5024,0
tile,dirt_tile_1,96,5088,0
tile,dirt_tile_1,96,5152,0
tile,dirt_tile_1,96,5216,0
tile,dirt_tile_1,96,5280,0
tile,dirt_tile_1,96,5344,0
tile,dirt_tile_1,96,5408,0
tile,dirt_tile_1,96,5472,0
tile,dirt_tile_1,96,5536,0
tile,dirt_tile_1,96,5600,0
tile,dirt_tile_1,96,5664,0
tile,dirt_tile_1,96,5728,0
tile,dirt_tile_1,96,5792,0
tile,dirt_tile_1,96,5856,0
tile,dirt_tile_1,96,5920,0
tile,dirt_tile_1,96,5984,0
tile,dirt_tile_1,96,6048,0
tile,dirt_tile_1,96,6112,0
tile,dirt_tile_1,96,6176,0
tile,dirt_tile_1,96,6240,0
tile,dirt_tile_1,96,6304,0
tile,dirt_tile_1,96,6368,0
tile,dirt_tile_1,96,6432,0
tile,dirt_tile_1,96,6496,0
tile,dirt_tile_1,96,6560,0
tile,dirt_tile_1,96,6624,0
tile,dirt_tile_1,96,6688,0
tile,dirt_tile_1,96,6752,0
tile,dirt_tile_1,96,6816,0
tile,dirt_tile_1,96,6880,0
tile,dirt_tile_1,96,6944,0
tile,dirt_tile_1,96,7008,0
tile,dirt_tile_1,96,7072,0
tile,dirt_tile_1,96,7136,0
tile,dirt_tile_1,96,7200,0
tile,dirt_tile_1,96,7264,0
tile,dirt_tile_1,96,7328,0
tile,dirt_tile_1,96,7392,0
tile,dirt_tile_1,96,7456,0
tile,dirt_tile_1,96,7520,0
tile,dirt_tile_1,96,7584,0
tile,dirt_tile_1,96,7648,0
tile,dirt_tile_1,96,7712,0
tile,dirt_tile_1,96,7776,0
tile,dirt_tile_1,96,7840,0
tile,dirt_tile_1,96,7904,0
tile,dirt_tile_1,96,7968,0
tile,dirt_tile_1,96,8032,0
tile,dirt_tile_1,96,8096,0
tile,dirt_tile_1,96,8160,0
tile,dirt_tile_1,160,32,0
tile,dirt_tile_1,160,96,0
tile,dirt_tile_1,160,160,0
tile,dirt_tile_1,160,224,0
tile,dirt_tile_1,160,288,0
tile,dirt_tile_1,160,352,0
tile,dirt_tile_1,160,416,0
tile,dirt_tile_1,160,480,0
tile,dirt_tile_1,160,736,0
tile,dirt_tile_1,160,800,0
tile,dirt_tile_1,160,864,0
tile,dirt_tile_1,160,928,0
tile,dirt_tile_1,160,992,0
tile,dirt_tile_1,160,1056,0
tile,dirt_tile_1,160,1120,0
tile,dirt_tile_1,160,1184,0
tile,dirt_tile_1,160,1248,0
tile,dirt_tile_1,160,1312,0
tile,dirt_tile_1,160,1376,0
tile,dirt_tile_1,160,1440,0
tile,dirt_tile_1,160,1504,0
tile,dirt_tile_1,160,1568,0
tile,dirt_tile_1,160,1632,0
tile,dirt_tile_1,160,1696,0
tile,dirt_tile_1,160,1760,0
tile,dirt_tile_1,160,1824,0
tile,dirt_tile_1,160,1888,0
tile,dirt_tile_1,160,1952,0
tile,dirt_tile_1,160,2016,0
tile,dirt_tile_1,160,2080,0
tile,dirt_tile_1,160,2144,0
tile,dirt_tile_1,160,2208,0
tile,dirt_tile_1,160,2272,0
tile,dirt_tile_1,160,2336,0
tile,dirt_tile_1,160,2400,0
tile,dirt_tile_1,160,2464,0
tile,dirt_tile_1,160,2528,0
tile,dirt_tile_1,160,2592,0
tile,dirt_tile_1,160,2656,0
tile,dirt_tile_1,160,2720,0
tile,dirt_tile_1,160,2784,0
tile,dirt_tile_1,160,2848,0
tile,dirt_tile_1,160,2912,0
tile,dirt_tile_1,160,2976,0
tile,dirt_tile_1,160,3040,0
tile,dirt_tile_1,160,3104,0
tile,dirt_tile_1,160,3168,0
tile,dirt_tile_1,160,3232,0
tile,dirt_tile_1,160,3296,0
tile,dirt_tile_1,160,3360,0
tile,dirt_tile_1,160,3424,0
tile,dirt_tile_1,160,3488,0
tile,dirt_tile_1,160,3552,0
tile,dirt_tile_1,160,3616,0
tile,dirt_tile_1,160,3680,0
tile,dirt_tile_1,160,3744,0
tile,dirt_tile_1,160,3808,0
tile,dirt_tile_1,160,3872,0
tile,dirt_tile_1,160,3936,0
tile,dirt_tile_1,160,4000,0
tile,dirt_tile_1,160,4064,0
tile,dirt_tile_1,160,4128,0
tile,dirt_tile_1,160,4192,0
tile,dirt_tile_1,160,4256,0
tile,dirt_tile_1,160,4320,0
tile,dirt_tile_1,160,4384,0
tile,dirt_tile_1,160,4448,0
tile,dirt_tile_1,160,4512,0
tile,dirt_tile_1,160,4576,0
tile,dirt_tile_1,160,4640,0
tile,dirt_tile_1,160,4704,0
tile,dirt_tile_1,160,4768,0
tile,dirt_tile_1,160,4832,0
tile,dirt_tile_1,160,4896,0
tile,dirt_tile_1,160,4960,0
tile,dirt_tile_1,160,5024,0
tile,dirt_tile_1,160,5088,0
tile,dirt_tile_1,160,5152,0
tile,dirt_tile_1,160,5216,0
tile,dirt_tile_1,160,5280,0
tile,dirt_tile_1,160,5344,0
tile,dirt_tile_1,160,5408,0
tile,dirt_tile_1,160,5472,0
tile,dirt_tile_1,160,5536,0
tile,dirt_tile_1,160,5600,0
tile,dirt_tile_1,160,5664,0
tile,dirt_tile_1,160,5728,0
tile,dirt_tile_1,160,5792,0
tile,dirt_tile_1,160,5856,0
tile,dirt_tile_1,160,5920,0
tile,dirt_tile_1,160,5984,0
tile,dirt_tile_1,160,6048,0
tile,dirt_tile_1,160,6112,0
tile,dirt_tile_1,160,6176,0
tile,dirt_tile_1,160,6240,0
tile,dirt_tile_1,160,6304,0
tile,dirt_tile_1,160,6368,0
tile,dirt_tile_1,160,6432,0
tile,dirt_tile_1,160,6496,0
tile,dirt_tile_1,160,6560,0
tile,dirt_tile_1,160,6624,0
tile,dirt_tile_1,160,6688,0
tile,dirt_tile_1,160,6752,0
tile,dirt_tile_1,160,6816,0
tile,dirt_tile_1,160,6880,0
tile,dirt_tile_1,160,6944,0
tile,dirt_tile_1,160,7008,0
tile,dirt_tile_1,160,7072,0
tile,dirt_tile_1,160,7136,0
tile,dirt_tile_1,160,7200,0
tile,dirt_tile_1,160,7264,0
tile,dirt_tile_1,160,7328,0
tile,dirt_tile_1,160,7392,0
tile,dirt_tile_1,160,7456,0
tile,dirt_tile_1,160,7520,0
tile,dirt_tile_1,160,7584,0
tile,dirt_tile_1,160,7648,0
tile,dirt_tile_1,160,7712,0
tile,dirt_tile_1,160,7776,0
tile,dirt_tile_1,160,7840,0
tile,dirt_tile_1,160,7904,0
tile,dirt_tile_1,160,7968,0
tile,dirt_tile_1,160,8032,0
tile,dirt_tile_1,160,8096,0
tile,dirt_tile_1,160,8160,0
tile,dirt_tile_1,224,32,0
tile,dirt_tile_1,224,96,0
tile,dirt_tile_1,224,160,0
tile,dirt_tile_1,224,224,0
tile,dirt_tile_1,224,288,0
tile,dirt_tile_1,224,352,0
tile,dirt_tile_1,224,416,0
tile,dirt_tile_1,224,480,0
tile,dirt_tile_1,224,736,0
tile,dirt_tile_1,224,800,0
tile,dirt_tile_1,224,864,0
tile,dirt_tile_1,224,928,0
tile,dirt_tile_1,224,992,0
tile,dirt_tile_1,224,1056,0
tile,dirt_tile_1,224,1120,0
tile,dirt_tile_1,224,1184,0
tile,dirt_tile_1,224,1248,0
tile,dirt_tile_1,224,1312,0
tile,dirt_tile_1,224,1376,0
tile,dirt_tile_1,224,1440,0
tile,dirt_tile_1,224,1504,0
tile,dirt_tile_1,224,1568,0
tile,dirt_tile_1,224,1632,0
tile,dirt_tile_1,224,1696,0
tile,dirt_tile_1,224,1760,0
tile,dirt_tile_1,224,1824,0
tile,dirt_tile_1,224,1888,0
tile,dirt_tile_1,224,1952,0
tile,dirt_tile_1,224,2016,0
tile,dirt_tile_1,224,2080,0
tile,dirt_tile_1,224,2144,0
tile,dirt_tile_1,224,2208,0
tile,dirt_tile_1,224,2272,0
tile,dirt_tile_1,224,2336,0
tile,dirt_tile_1,224,2400,0
tile,dirt_tile_1,224,2464,0
tile,dirt_tile_1,224,2528,0
tile,dirt_tile_1,224,2592,0
tile,dirt_tile_1,224,2656,0
tile,dirt_tile_1,224,2720,0
tile,dirt_tile_1,224,2784,0
tile,dirt_tile_1,224,2848,0
tile,dirt_tile_1,224,2912,0
tile,dirt_tile_1,224,2976,0
tile,dirt_tile_1,224,3040,0
tile,dirt_tile_1,224,3104,0
tile,dirt_tile_1,224,3168,0
tile,dirt_tile_1,224,3232,0
tile,dirt_tile_1,224,3296,0
tile,dirt_tile_1,224,3360,0
tile,dirt_tile_1,224,3424,0
tile,dirt_tile_1,224,3488,0
tile,dirt_tile_1,224,3552,0
tile,dirt_tile_1,224,3616,0
tile,dirt_tile_1,224,3680,0
tile,dirt_tile_1,224,3744,0
tile,dirt_tile_1,224,3808,0
tile,dirt_tile_1,224,3872,0
tile,dirt_tile_1,224,3936,0
tile,dirt_tile_1,224,4000,0
tile,dirt_tile_1,224,4064,0
tile,dirt_tile_1,224,4128,0
tile,dirt_tile_1,224,4192,0
tile,dirt_tile_1,224,4256,0
tile,dirt_tile_1,224,4320,0
tile,dirt_tile_1,224,4384,0
tile,dirt_tile_1,224,4448,0
tile,dirt_tile_1,224,4512,0
tile,dirt_tile_1,224,4576,0
tile,dirt_tile_1,224,4640,0
tile,dirt_tile_1,224,4704,0
tile,dirt_tile_1,224,4768,0
tile,dirt_tile_1,224,4832,0
tile,dirt_tile_1,224,4896,0
tile,dirt_tile_1,224,4960,0
tile,dirt_tile_1,224,5024,0
tile,dirt_tile_1,224,5088,0
tile,dirt_tile_1,224,5152,0
tile,dirt_tile_1,224,5216,0
tile,dirt_tile_1,224,5280,0
tile,dirt_tile_1,224,5344,0
tile,dirt_tile_1,224,5408,0
tile,dirt_tile_1,224,5472,0
tile,dirt_tile_1,224,5536,0
tile,dirt_tile_1,224,5600,0
tile,dirt_tile_1,224,5664,0
tile,dirt_tile_1,224,5728,0
tile,dirt_tile_1,224,5792,0
tile,dirt_tile_1,224,5856,0
tile,dirt_tile_1,224,5920,0
tile,dirt_tile_1,224,5984,0
tile,dirt_tile_1,224,6048,0
tile,dirt_tile_1,224,6112,0
tile,dirt_tile_1,224,6176,0
tile,dirt_tile_1,224,6240,0
tile,dirt_tile_1,224,6304,0
tile,dirt_tile_1,224,6368,0
tile,dirt_tile_1,224,6432,0
tile,dirt_tile_1,224,6496,0
tile,dirt_tile_1,224,6560,0
tile,dirt_tile_1,224,6624,0
tile,dirt_tile_1,224,6688,0
tile,dirt_tile_1,224,6752,0
tile,dirt_tile_1,224,6816,0
tile,dirt_tile_1,224,6880,0
tile,dirt_tile_1,224,6944,0
tile,dirt_tile_1,224,7008,0
tile,dirt_tile_1,224,7072,0
tile,dirt_tile_1,224,7136,0
tile,dirt_tile_1,224,7200,0
tile,dirt_tile_1,224,7264,0
tile,dirt_tile_1,224,7328,0
tile,dirt_tile_1,224,7392,0
tile,dirt_tile_1,224,7456,0
tile,dirt_tile_1,224,7520,0
tile,dirt_tile_1,224,7584,0
tile,dirt_tile_1,224,7648,0
tile,dirt_tile_1,224,7712,0
tile,dirt_tile_1,224,7776,0
tile,dirt_tile_1,224,7840,0
tile,dirt_tile_1,224,7904,0
tile,dirt_tile_1,224,7968,0
tile,dirt_tile_1,224,8032,0
tile,dirt_tile_1,224,8096,0
tile,dirt_tile_1,224,8160,0
tile,dirt_tile_1,288,32,0
tile,dirt_tile_1,288,96,0
tile,dirt_tile_1,288,160,0
tile,dirt_tile_1,288,224,0
tile,dirt_tile_1,288,288,0
tile,dirt_tile_1,288,352,0
tile,dirt_tile_1,288,416,0
tile,dirt_tile_1,288,480,0
tile,dirt_tile_1,288,736,0
tile,dirt_tile_1,288,800,0
tile,dirt_tile_1,288,864,0
tile,dirt_tile_1,288,928,0
tile,dirt_tile_1,288,992,0
tile,dirt_tile_1,288,1056,0
tile,dirt_tile_1,288,1120,0
tile,dirt_tile_1,288,1184,0
tile,dirt_tile_1,288,1248,0
tile,dirt_tile_1,288,1312,0
tile,dirt_tile_1,288,1376,0
tile,dirt_tile_1,288,1440,0
tile,dirt_tile_1,288,1504,0
tile,dirt_tile_1,288,1568,0
tile,dirt_tile_1,288,1632,0
tile,dirt_tile_1,288,1696,0
tile,dirt_tile_1,288,1760,0
tile,dirt_tile_1,288,1824,0
tile,dirt_tile_1,288,1888,0
tile,dirt_tile_1,288,1952,0
tile,dirt_tile_1,288,2016,0
tile,dirt_tile_1,288,2080,0
tile,dirt_tile_1,288,2144,0
tile,dirt_tile_1,288,2208,0
tile,dirt_tile_1,288,2272,0
tile,dirt_tile_1,288,2336,0
tile,dirt_tile_1,288,2400,0
tile,dirt_tile_1,288,2464,0
tile,dirt_tile_1,288,2528,0
tile,dirt_tile_1,288,2592,0
tile,dirt_tile_1,288,2656,0
tile,dirt_tile_1,288,2720,0
tile,dirt_tile_1,288,2784,0
tile,dirt_tile_1,288,2848,0
tile,dirt_tile_1,288,2912,0
tile,dirt_tile_1,288,2976,0
tile,dirt_tile_1,288,3040,0
tile,dirt_tile_1,288,3104,0
tile,dirt_tile_1,288,3168,0
tile,dirt_tile_1,288,3232,0
tile,dirt_tile_1,288,3296,0
tile,dirt_tile_1,288,3360,0
tile,dirt_tile_1,288,3424,0
tile,dirt_tile_1,288,3488,0
tile,dirt_tile_1,288,3552,0
tile,dirt_tile_1,288,3616,0
tile,dirt_tile_1,288,3680,0
tile,dirt_tile_1,288,3744,0
tile,dirt_tile_1,288,3808,0
tile,dirt_tile_1,288,3872,0
tile,dirt_tile_1,288,3936,0
tile,dirt_tile_1,288,4000,0
tile,dirt_tile_1,288,4064,0
tile,dirt_tile_1,288,4128,0
tile,dirt_tile_1,288,4192,0
tile,dirt_tile_1,288,4256,0
tile,dirt_tile_1,288,4320,0
tile,dirt_tile_1,288,4384,0
tile,dirt_tile_1,288,4448,0
tile,dirt_tile_1,288,4512,0
tile,dirt_tile_1,288,4576,0
tile,dirt_tile_1,288,4640,0
tile,dirt_tile_1,288,4704,0
tile,dirt_tile_1,288,4768,0
tile,dirt_tile_1,288,4832,0
tile,dirt_tile_1,288,4896,0
tile,dirt_tile_1,288,4960,0
tile,dirt_tile_1,288,5024,0
tile,dirt_tile_1,288,5088,0
tile,dirt_tile_1,288,5152,0
tile,dirt_tile_1,288,5216,0
tile,dirt_tile_1,288,5280,0
tile,dirt_tile_1,288,5344,0
tile,dirt_tile_1,288,5408,0
tile,dirt_tile_1,288,5472,0
tile,dirt_tile_1,288,5536,0
tile,dirt_tile_1,288,5600,0
tile,dirt_tile_1,288,5664,0
tile,dirt_tile_1,288,5728,0
tile,dirt_tile_1,288,5792,0
tile,dirt_tile_1,288,5856,0
tile,dirt_tile_1,288,5920,0
tile,dirt_tile_1,288,5984,0
tile,dirt_tile_1,288,6048,0
tile,dirt_tile_1,288,6112,0
tile,dirt_tile_1,288,6176,0
tile,dirt_tile_1,288,6240,0
tile,dirt_tile_1,288,6304,0
tile,dirt_tile_1,288,6368,0
tile,dirt_tile_1,288,6432,0
tile,dirt_tile_1,288,6496,0
tile,dirt_tile_1,288,6560,0
tile,dirt_tile_1,288,6624,0
tile,dirt_tile_1,288,6688,0
tile,dirt_tile_1,288,6752,0
tile,dirt_tile_1,288,6816,0
tile,dirt_tile_1,288,6880,0
tile,dirt_tile_1,288,6944,0
tile,dirt_tile_1,288,7008,0
tile,dirt_tile_1,288,7072,0
tile,dirt_tile_1,288,7136,0
tile,dirt_tile_1,288,7200,0
tile,dirt_tile_1,288,7264,0
tile,dirt_tile_1,288,7328,0
tile,dirt_tile_1,288,7392,0
tile,dirt_tile_1,288,7456,0
tile,dirt_tile_1,288,7520,0
tile,dirt_tile_1,288,7584,0
tile,dirt_tile_1,288,7648,0
tile,dirt_tile_1,288,7712,0
tile,dirt_tile_1,288,7776,0
tile,dirt_tile_1,288,7840,0
tile,dirt_tile_1,288,7904,0
tile,dirt_tile_1,288,7968,0
tile,dirt_tile_1,288,8032,0
tile,dirt_tile_1,288,8096,0
tile,dirt_tile_1,288,8160,0
tile,dirt_tile_1,352,32,0
tile,dirt_tile_1,352,96,0
tile,dirt_tile_1,352,160,0
tile,dirt_tile_1,352,224,0
tile,dirt_tile_1,352,288,0
tile,dirt_tile_1,352,352,0
tile,dirt_tile_1,352,416,0
tile,dirt_tile_1,352,480,0
tile,dirt_tile_1,352,736,0
tile,dirt_tile_1,352,800,0
tile,dirt_tile_1,352,864,0
tile,dirt_tile_1,352,928,0
tile,dirt_tile_1,352,992,0
tile,dirt_tile_1,352,1056,0
tile,dirt_tile_1,352,1120,0
tile,dirt_tile_1,352,1184,0
tile,dirt_tile_1,352,1248,0
tile,dirt_tile_1,352,1312,0
tile,dirt_tile_1,352,1376,0
tile,dirt_tile_1,352,1440,0
tile,dirt_tile_1,352,1504,0
tile,dirt_tile_1,352,1568,0
tile,dirt_tile_1,352,1632,0
tile,dirt_tile_1,352,1696,0
tile,dirt_tile_1,352,1760,0
tile,dirt_tile_1,352,1824,0
tile,dirt_tile_1,352,1888,0
tile,dirt_tile_1,352,1952,0
tile,dirt_tile_1,352,2016,0
tile,dirt_tile_1,352,2080,0
tile,dirt_tile_1,352,2144,0
tile,dirt_tile_1,352,2208,0
tile,dirt_tile_1,352,2272,0
tile,dirt_tile_1,352,2336,0
tile,dirt_tile_1,352,2400,0
tile,dirt_tile_1,352,2464,0
tile,dirt_tile_1,352,2528,0
tile,dirt_tile_1,352,2592,0
tile,dirt_tile_1,352,2656,0
tile,dirt_tile_1,352,2720,0
tile,dirt_tile_1,352,2784,0
tile,dirt_tile_1,352,2848,0
tile,dirt_tile_1,352,2912,0
tile,dirt_tile_1,352,2976,0
tile,dirt_tile_1,352,3040,0
tile,dirt_tile_1,352,3104,0
tile,dirt_tile_1,352,3168,0
tile,dirt_tile_1,352,3232,0
tile,dirt_tile_1,352,3296,0
tile,dirt_tile_1,352,3360,0
tile,dirt_tile_1,352,3424,0
tile,dirt_tile_1,352,3488,0
tile,dirt_tile_1,352,3552,0
tile,dirt_tile_1,352,3616,0
tile,dirt_tile_1,352,3680,0
tile,dirt_tile_1,352,3744,0
tile,dirt_tile_1,352,3808,0
tile,dirt_tile_1,352,3872,0
tile,dirt_tile_1,352,3936,0
tile,dirt_tile_1,352,4000,0
tile,dirt_tile_1,352,4064,0
tile,dirt_tile_1,352,4128,0
tile,dirt_tile_1,352,4192,0
tile,dirt_tile_1,352,4256,0
tile,dirt_tile_1,352,4320,0
tile,dirt_tile_1,352,4384,0
tile,dirt_tile_1,352,4448,0
tile,dirt_tile_1,352,4512,0
tile,dirt_tile_1,352,4576,0
tile,dirt_tile_1,352,4640,0
tile,dirt_tile_1,352,4704,0
tile,dirt_tile_1,352,4768,0
tile,dirt_tile_1,352,4832,0
tile,dirt_tile_1,352,4896,0
tile,dirt_tile_1,352,4960,0
tile,dirt_tile_1,352,5024,0
tile,dirt_tile_1,352,5088,0
tile,dirt_tile_1,352,5152,0
tile,dirt_tile_1,352,5216,0
tile,dirt_tile_1,352,5280,0
tile,dirt_tile_1,352,5344,0
tile,dirt_tile_1,352,5408,0
tile,dirt_tile_1,352,5472,0
tile,dirt_tile_1,352,5536,0
tile,dirt_tile_1,352,5600,0
tile,dirt_tile_1,352,5664,0
tile,dirt_tile_1,352,5728,0
tile,dirt_tile_1,352,5792,0
tile,dirt_tile_1,352,5856,0
tile,dirt_tile_1,352,5920,0
tile,dirt_tile_1,352,5984,0
tile,dirt_tile_1,352,6048,0
tile,dirt_tile_1,352,6112,0
tile,dirt_tile_1,352,6176,0
tile,dirt_tile_1,352,6240,0
tile,dirt_tile_1,352,6304,0
tile,dirt_tile_1,352,6368,0
tile,dirt_tile_1,352,6432,0
tile,dirt_tile_1,352,6496,0
tile,dirt_tile_1,352,6560,0
tile,dirt_tile_1,352,6624,0
tile,dirt_tile_1,352,6688,0
tile,dirt_tile_1,352,6752,0
tile,dirt_tile_1,352,6816,0
tile,dirt_tile_1,352,6880,0
tile,dirt_tile_1,352,6944,0
tile,dirt_tile_1,352,7008,0
tile,dirt_tile_1,352,7072,0
tile,dirt_tile_1,352,7136,0
tile,dirt_tile_1,352,7200,0
tile,dirt_tile_1,352,7264,0
tile,dirt_tile_1,352,7328,0
tile,dirt_tile_1,352,7392,0
tile,dirt_tile_1,352,7456,0
tile,dirt_tile_1,352,7520,0
tile,dirt_tile_1,352,7584,0
tile,dirt_tile_1,352,7648,0
tile,dirt_tile_1,352,7712,0
tile,dirt_tile_1,352,7776,0
tile,dirt_tile_1,352,7840,0
tile,dirt_tile_1,352,7904,0
tile,dirt_tile_1,352,7968,0
tile,dirt_tile_1,352,8032,0
tile,dirt_tile_1,352,8096,0
tile,dirt_tile_1,352,8160,0
tile,dirt_tile_1,608,32,0
tile,dirt_tile_1,608,96,0
tile,dirt_tile_1,608,160,0
tile,dirt_tile_1,608,224,0
tile,dirt_tile_1,608,288,0
tile,dirt_tile_1,608,352,0
tile,dirt_tile_1,608,416,0
tile,dirt_tile_1,608,480,0
tile,dirt_tile_1,608,736,0
tile,dirt_tile_1,608,800,0
tile,dirt_tile_1,608,864,0
tile,dirt_tile_1,608,928,0
tile,dirt_tile_1,608,992,0
tile,dirt_tile_1,608,1056,0
tile,dirt_tile_1,608,1120,0
tile,dirt_tile_1,608,1184,0
tile,dirt_tile_1,608,1248,0
tile,dirt_tile_1,608,1312,0
tile,dirt_tile_1,608,1376,0
tile,dirt_tile_1,608,1440,0
tile,dirt_tile_1,608,1504,0
tile,dirt_tile_1,608,1568,0
tile,dirt_tile_1,608,1632,0
tile,dirt_tile_1,608,1696,0
tile,dirt_tile_1,608,1760,0
tile,dirt_tile_1,608,1824,0
tile,dirt_tile_1,608,1888,0
tile,dirt_tile_1,608,1952,0
tile,dirt_tile_1,608,2016,0
tile,dirt_tile_1,608,2080,0
tile,dirt_tile_1,608,2144,0
tile,dirt_tile_1,608,2208,0
tile,dirt_tile_1,608,2272,0
tile,dirt_tile_1,608,2336,0
tile,dirt_tile_1,608,2400,0
tile,dirt_tile_1,608,2464,0
tile,dirt_tile_1,608,2528,0
tile,dirt_tile_1,608,2592,0
tile,dirt_tile_1,608,2656,0
tile,dirt_tile_1,608,2720,0
tile,dirt_tile_1,608,2784,0
tile,dirt_tile_1,608,2848,0
tile,dirt_tile_1,608,2912,0
tile,dirt_tile_1,608,2976,0
tile,dirt_tile_1,608,3040,0
tile,dirt_tile_1,608,3104,0
tile,dirt_tile_1,608,3168,0
tile,dirt_tile_1,608,3232,0
tile,dirt_tile_1,608,3296,0
tile,dirt_tile_1,608,3360,0
tile,dirt_tile_1,608,3424,0
tile,dirt_tile_1,608,3488,0
tile,dirt_tile_1,608,3552,0
tile,dirt_tile_1,608,3616,0
tile,dirt_tile_1,608,3680,0
tile,dirt_tile_1,608,3744,0
tile,dirt_tile_1,608,3808,0
tile,dirt_tile_1,608,3872,0
tile,dirt_tile_1,608,3936,0
tile,dirt_tile_1,608,4000,0
tile,dirt_tile_1,608,4064,0
tile,dirt_tile_1,608,4128,0
tile,dirt_tile_1,608,4192,0
tile,dirt_tile_1,608,4256,0
tile,dirt_tile_1,608,4320,0
tile,dirt_tile_1,608,4384,0
tile,dirt_tile_1,608,4448,0
tile,dirt_tile_1,608,4512,0
tile,dirt_tile_1,608,4576,0
tile,dirt_tile_1,608,4640,0
tile,dirt_tile_1,608,4704,0
tile,dirt_tile_1,608,4768,0
tile,dirt_tile_1,608,4832,0
tile,dirt_tile_1,608,4896,0
tile,dirt_tile_1,608,4960,0
tile,dirt_tile_1,608,5024,0
tile,dirt_tile_1,608,5088,0
tile,dirt_tile_1,608,5152,0
tile,dirt_tile_1,608,5216,0
tile,dirt_tile_1,608,5280,0
tile,dirt_tile_1,608,5344,0
tile,dirt_tile_1,608,5408,0
tile,dirt_tile_1,608,5472,0
tile,dirt_tile_1,608,5536,0
tile,dirt_tile_1,608,5600,0
tile,dirt_tile_1,608,5664,0
tile,dirt_tile_1,608,5728,0
tile,dirt_tile_1,608,5792,0
tile,dirt_tile_1,608,5856,0
tile,dirt_tile_1,608,5920,0
tile,dirt_tile_1,608,5984,0
tile,dirt_tile_1,608,6048,0
tile,dirt_tile_1,608,6112,0
tile,dirt_tile_1,608,6176,0
tile,dirt_tile_1,608,6240,0
tile,dirt_tile_1,608,6304,0
tile,dirt_tile_1,608,6368,0
tile,dirt_tile_1,608,6432,0
tile,dirt_tile_1,608,6496,0
tile,dirt_tile_1,608,6560,0
tile,dirt_tile_1,608,6624,0
tile,dirt_tile_1,608,6688,0
tile,dirt_tile_1,608,6752,0
tile,dirt_tile_1,608,6816,0
tile,dirt_tile_1,608,6880,0
tile,dirt_tile_1,608,6944,0
tile,dirt_tile_1,608,7008,0
tile,dirt_tile_1,608,7072,0
tile,dirt_tile_1,608,7136,0
tile,dirt_tile_1,608,7200,0
tile,dirt_tile_1,608,7264,0
tile,dirt_tile_1,608,7328,0
tile,dirt_tile_1,608,7392,0
tile,dirt_tile_1,608,7456,0
tile,dirt_tile_1,608,7520,0
tile,dirt_tile_1,608,7584,0
tile,dirt_tile_1,608,7648,0
tile,dirt_tile_1,608,7712,0
tile,dirt_tile_1,608,7776,0
tile,dirt_tile_1,608,7840,0
tile,dirt_tile_1,608,7904,0
tile,dirt_tile_1,608,7968,0
tile,dirt_tile_1,608,8032,0
tile,dirt_tile_1,608,8096,0
tile,dirt_tile_1,608,8160,0
tile,dirt_tile_1,672,32,0
tile,dirt_tile_1,672,96,0
tile,dirt_tile_1,672,160,0
tile,dirt_tile_1,672,224,0
tile,dirt_tile_1,672,288,0
tile,dirt_tile_1,672,352,0
tile,dirt_tile_1,672,416,0
tile,dirt_tile_1,672,480,0
tile,dirt_tile_1,672,736,0
tile,dirt_tile_1,672,800,0
tile,dirt_tile_1,672,864,0
tile,dirt_tile_1,672,928,0
tile,dirt_tile_1,672,992,0
tile,dirt_tile_1,672,1056,0
tile,dirt_tile_1,672,1120,0
tile,dirt_tile_1,672,1184,0
tile,dirt_tile_1,672,1248,0
tile,dirt_tile_1,672,1312,0
tile,dirt_tile_1,672,1376,0
tile,dirt_tile_1,672,1440,0
tile,dirt_tile_1,672,1504,0
tile,dirt_tile_1,672,1568,0
tile,dirt_tile_1,672,1632,0
tile,dirt_tile_1,672,1696,0
tile,dirt_tile_1,672,1760,0
tile,dirt_tile_1,672,1824,0
tile,dirt_tile_1,672,1888,0
tile,dirt_tile_1,672,1952,0
tile,dirt_tile_1,672,2016,0
tile,dirt_tile_1,672,2080,0
tile,dirt_tile_1,672,2144,0
tile,dirt_tile_1,672,2208,0
tile,dirt_tile_1,672,2272,0
tile,dirt_tile_1,672,2336,0
tile,dirt_tile_1,672,2400,0
tile,dirt_tile_1,672,2464,0
tile,dirt_tile_1,672,2528,0
tile,dirt_tile_1,672,2592,0
tile,dirt_tile_1,672,2656,0
tile,dirt_tile_1,672,2720,0
tile,dirt_tile_1,672,2784,0
tile,dirt_tile_1,672,2848,0
tile,dirt_tile_1,672,2912,0
tile,dirt_tile_1,672,2976,0
tile,dirt_tile_1,672,3040,0
tile,dirt_tile_1,672,3104,0
tile,dirt_tile_1,672,3168,0
tile,dirt_tile_1,672,3232,0
tile,dirt_tile_1,672,3296,0
tile,dirt_tile_1,672,3360,0
tile,dirt_tile_1,672,3424,0
tile,dirt_tile_1,672,3488,0
tile,dirt_tile_1,672,3552,0
tile,dirt_tile_1,672,3616,0
tile,dirt_tile_1,672,3680,0
tile,dirt_tile_1,672,3744,0
tile,dirt_tile_1,672,3808,0
tile,dirt_tile_1,672,3872,0
tile,dirt_tile_1,672,3936,0
tile,dirt_tile_1,672,4000,0
tile,dirt_tile_1,672,4064,0
tile,dirt_tile_1,672,4128,0
tile,dirt_tile_1,672,4192,0
tile,dirt_tile_1,672,4256,0
tile,dirt_tile_1,672,4320,0
tile,dirt_tile_1,672,4384,0
tile,dirt_tile_1,672,4448,0
tile,dirt_tile_1,672,4512,0
tile,dirt_tile_1,672,4576,0
tile,dirt_tile_1,672,4640,0
tile,dirt_tile_1,672,4704,0
tile,dirt_tile_1,672,4768,0
tile,dirt_tile_1,672,4832,0
tile,dirt_tile_1,672,4896,0
tile,dirt_tile_1,672,4960,0
tile,dirt_tile_1,672,5024,0
tile,dirt_tile_1,672,5088,0
tile,dirt_tile_1,672,5152,0
tile,dirt_tile_1,672,5216,0
tile,dirt_tile_1,672,5280,0
tile,dirt_tile_1,672,5344,0
tile,dirt_tile_1,672,5408,0
tile,dirt_tile_1,672,5472,0
tile,dirt_tile_1,672,5536,0
tile,dirt_tile_1,672,5600,0
tile,dirt_tile_1,672,5664,0
tile,dirt_tile_1,672,5728,0
tile,dirt_tile_1,672,5792,0
tile,dirt_tile_1,672,5856,0
tile,dirt_tile_1,672,5920,0
tile,dirt_tile_1,672,5984,0
tile,dirt_tile_1,672,6048,0
tile,dirt_tile_1,672,6112,0
tile,dirt_tile_1,672,6176,0
tile,dirt_tile_1,672,6240,0
tile,dirt_tile_1,672,6304,0
tile,dirt_tile_1,672,6368,0
tile,dirt_tile_1,672,6432,0
tile,dirt_tile_1,672,6496,0
tile,dirt_tile_1,672,6560,0
tile,dirt_tile_1,672,6624,0
tile,dirt_tile_1,672,6688,0
tile,dirt_tile_1,672,6752,0
tile,dirt_tile_1,672,6816,0
tile,dirt_tile_1,672,6880,0
tile,dirt_tile_1,672,6944,0
tile,dirt_tile_1,672,7008,0
tile,dirt_tile_1,672,7072,0
tile,dirt_tile_1,672,7136,0
tile,dirt_tile_1,672,7200,0
tile,dirt_tile_1,672,7264,0
tile,dirt_tile_1,672,7328,0
tile,dirt_tile_1,672,7392,0
tile,dirt_tile_1,672,7456,0
tile,dirt_tile_1,672,7520,0
tile,dirt_tile_1,672,7584,0
tile,dirt_tile_1,672,7648,0
tile,dirt_tile_1,672,7712,0
tile,dirt_tile_1,672,7776,0
tile,dirt_tile_1,672,7840,0
tile,dirt_tile_1,672,7904,0
tile,dirt_tile_1,672,7968,0
tile,dirt_tile_1,672,8032,0
tile,dirt_tile_1,672,8096,0
tile,dirt_tile_1,672,8160,0
tile,dirt_tile_1,736,32,0
tile,dirt_tile_1,736,96,0
tile,dirt_tile_1,736,160,0
tile,dirt_tile_1,736,224,0
tile,dirt_tile_1,736,288,0
tile,dirt_tile_1,736,352,0
tile,dirt_tile_1,736,416,0
tile,dirt_tile_1,736,480,0
tile,dirt_tile_1,736,736,0
tile,dirt_tile_1,736,800,0
tile,dirt_tile_1,736,864,0
tile,dirt_tile_1,736,928,0
tile,dirt_tile_1,736,992,0
tile,dirt_tile_1,736,1056,0
tile,dirt_tile_1,736,1120,0
tile,dirt_tile_1,736,1184,0
tile,dirt_tile_1,736,1248,0
tile,dirt_tile_1,736,1312,0
tile,dirt_tile_1,736,1376,0
tile,dirt_tile_1,736,1440,0
tile,dirt_tile_1,736,1504,0
tile,dirt_tile_1,736,1568,0
tile,dirt_tile_1,736,1632,0
tile,dirt_tile_1,736,1696,0
tile,dirt_tile_1,736,1760,0
tile,dirt_tile_1,736,1824,0
tile,dirt_tile_1,736,1888,0
tile,dirt_tile_1,736,1952,0
tile,dirt_tile_1,736,2016,0
tile,dirt_tile_1,736,2080,0
tile,dirt_tile_1,736,2144,0
tile,dirt_tile_1,736,2208,0
tile,dirt_tile_1,736,2272,0
tile,dirt_tile_1,736,2336,0
tile,dirt_tile_1,736,2400,0
tile,dirt_tile_1,736,2464,0
tile,dirt_tile_1,736,2528,0
tile,dirt_tile_1,736,2592,0
tile,dirt_tile_1,736,2656,0
tile,dirt_tile_1,736,2720,0
tile,dirt_tile_1,736,2784,0
tile,dirt_tile_1,736,2848,0
tile,dirt_tile_1,736,2912,0
tile,dirt_tile_1,736,2976,0
tile,dirt_tile_1,736,3040,0
tile,dirt_tile_1,736,3104,0
tile,dirt_tile_1,736,3168,0
tile,dirt_tile_1,736,3232,0
tile,dirt_tile_1,736,3296,0
tile,dirt_tile_1,736,3360,0
tile,dirt_tile_1,736,3424,0
tile,dirt_tile_1,736,3488,0
tile,dirt_tile_1,736,3552,0
tile,dirt_tile_1,736,3616,0
tile,dirt_tile_1,736,3680,0
tile,dirt_tile_1,736,3744,0
tile,dirt_tile_1,736,3808,0
tile,dirt_tile_1,736,3872,0
tile,dirt_tile_1,736,3936,0
tile,dirt_tile_1,736,4000,0
tile,dirt_tile_1,736,4064,0
tile,dirt_tile_1,736,4128,0
tile,dirt_tile_1,736,4192,0
tile,dirt_tile_1,736,4256,0
tile,dirt_tile_1,736,4320,0
tile,dirt_tile_1,736,4384,0
tile,dirt_tile_1,736,4448,0
tile,dirt_tile_1,736,4512,0
tile,dirt_tile_1,736,4576,0
tile,dirt_tile_1,736,4640,0
tile,dirt_tile_1,736,4704,0
tile,dirt_tile_1,736,4768,0
tile,dirt_tile_1,736,4832,0
tile,dirt_tile_1,736,4896,0
tile,dirt_tile_1,736,4960,0
tile,dirt_tile_1,736,5024,0
tile,dirt_tile_1,736,5088,0
tile,dirt_tile_1,736,5152,0
tile,dirt_tile_1,736,5216,0
tile,dirt_tile_1,736,5280,0
tile,dirt_tile_1,736,5344,0
tile,dirt_tile_1,736,5408,0
tile,dirt_tile_1,736,5472,0
tile,dirt_tile_1,736,5536,0
tile,dirt_tile_1,736,5600,0
tile,dirt_tile_1,736,5664,0
tile,dirt_tile_1,736,5728,0
tile,dirt_tile_1,736,5792,0
tile,dirt_tile_1,736,5856,0
tile,dirt_tile_1,736,5920,0
tile,dirt_tile_1,736,5984,0
tile,dirt_tile_1,736,6048,0
tile,dirt_tile_1,736,6112,0
tile,dirt_tile_1,736,6176,0
tile,dirt_tile_1,736,6240,0
tile,dirt_tile_1,736,6304,0
tile,dirt_tile_1,736,6368,0
tile,dirt_tile_1,736,6432,0
tile,dirt_tile_1,736,6496,0
tile,dirt_tile_1,736,6560,0
tile,dirt_tile_1,736,6624,0
tile,dirt_tile_1,736,6688,0
tile,dirt_tile_1,736,6752,0
tile,dirt_tile_1,736,6816,0
tile,dirt_tile_1,736,6880,0
tile,dirt_tile_1,736,6944,0
tile,dirt_tile_1,736,7008,0
tile,dirt_tile_1,736,7072,0
tile,dirt_tile_1,736,7136,0
tile,dirt_tile_1,736,7200,0
tile,dirt_tile_1,736,7264,0
tile,dirt_tile_1,736,7328,0
tile,dirt_tile_1,736,7392,0
tile,dirt_tile_1,736,7456,0
tile,dirt_tile_1,736,7520,0
tile,dirt_tile_1,736,7584,0
tile,dirt_tile_1,736,7648,0
tile,dirt_tile_1,736,7712,0
tile,dirt_tile_1,736,7776,0
tile,dirt_tile_1,736,7840,0
tile,dirt_tile_1,736,7904,0
tile,dirt_tile_1,736,7968,0
tile,dirt_tile_1,736,8032,0
tile,dirt_tile_1,736,8096,0
tile,dirt_tile_1,736,8160,0
tile,dirt_tile_1,800,32,0
tile,dirt_tile_1,800,96,0
tile,dirt_tile_1,800,160,0
tile,dirt_tile_1,800,224,0
tile,dirt_tile_1,800,288,0
tile,dirt_tile_1,800,352,0
tile,dirt_tile_1,800,416,0
tile,dirt_tile_1,800,480,0
tile,dirt_tile_1,800,736,0
tile,dirt_tile_1,800,800,0
tile,dirt_tile_1,800,864,0
tile,dirt_tile_1,800,928,0
tile,dirt_tile_1,800,992,0
tile,dirt_tile_1,800,1056,0
tile,dirt_tile_1,800,1120,0
tile,dirt_tile_1,800,1184,0
tile,dirt_tile_1,800,1248,0
tile,dirt_tile_1,800,1312,0
tile,dirt_tile_1,800,1376,0
tile,dirt_tile_1,800,1440,0
tile,dirt_tile_1,800,1504,0
tile,dirt_tile_1,800,1568,0
tile,dirt_tile_1,800,1632,0
tile,dirt_tile_1,800,1696,0
tile,dirt_tile_1,800,1760,0
tile,dirt_tile_1,800,1824,0
tile,dirt_tile_1,800,1888,0
tile,dirt_tile_1,800,1952,0
tile,dirt_tile_1,800,2016,0
tile,dirt_tile_1,800,2080,0
tile,dirt_tile_1,800,2144,0
tile,dirt_tile_1,800,2208,0
tile,dirt_tile_1,800,2272,0
tile,dirt_tile_1,800,2336,0
tile,dirt_tile_1,800,2400,0
tile,dirt_tile_1,800,2464,0
tile,dirt_tile_1,800,2528,0
tile,dirt_tile_1,800,2592,0
tile,dirt_tile_1,800,2656,0
tile,dirt_tile_1,800,2720,0
tile,dirt_tile_1,800,2784,0
tile,dirt_tile_1,800,2848,0
tile,dirt_tile_1,800,2912,0
tile,dirt_tile_1,800,2976,0
tile,dirt_tile_1,800,3040,0
tile,dirt_tile_1,800,3104,0
tile,dirt_tile_1,800,3168,0
tile,dirt_tile_1,800,3232,0
tile,dirt_tile_1,800,3296,0
tile,dirt_tile_1,800,3360,0
tile,dirt_tile_1,800,3424,0
tile,dirt_tile_1,800,3488,0
tile,dirt_tile_1,800,3552,0
tile,dirt_tile_1,800,3616,0
tile,dirt_tile_1,800,3680,0
tile,dirt_tile_1,800,3744,0
tile,dirt_tile_1,800,3808,0
tile,dirt_tile_1,800,3872,0
tile,dirt_tile_1,800,3936,0
tile,dirt_tile_1,800,4000,0
tile,dirt_tile_1,800,4064,0
tile,dirt_tile_1,800,4128,0
tile,dirt_tile_1,800,4192,0
tile,dirt_tile_1,800,4256,0
tile,dirt_tile_1,800,4320,0
tile,dirt_tile_1,800,4384,0
tile,dirt_tile_1,800,4448,0
tile,dirt_tile_1,800,4512,0
tile,dirt_tile_1,800,4576,0
tile,dirt_tile_1,800,4640,0
tile,dirt_tile_1,800,4704,0
tile,dirt_tile_1,800,4768,0
tile,dirt_tile_1,800,4832,0
tile,dirt_tile_1,800,4896,0
tile,dirt_tile_1,800,4960,0
tile,dirt_tile_1,800,5024,0
tile,dirt_tile_1,800,5088,0
tile,dirt_tile_1,800,5152,0
tile,dirt_tile_1,800,5216,0
tile,dirt_tile_1,800,5280,0
tile,dirt_tile_1,800,5344,0
tile,dirt_tile_1,800,5408,0
tile,dirt_tile_1,800,5472,0
tile,dirt_tile_1,800,5536,0
tile,dirt_tile_1,800,5600,0
tile,dirt_tile_1,800,5664,0
tile,dirt_tile_1,800,5728,0
tile,dirt_tile_1,800,5792,0
tile,dirt_tile_1,800,5856,0
tile,dirt_tile_1,800,5920,0
tile,dirt_tile_1,800,5984,0
tile,dirt_tile_1,800,6048,0
tile,dirt_tile_1,800,6112,0
tile,dirt_tile_1,800,6176,0
tile,dirt_tile_1,800,6240,0
tile,dirt_tile_1,800,6304,0
tile,dirt_tile_1,800,6368,0
tile,dirt_tile_1,800,6432,0
tile,dirt_tile_1,800,6496,0
tile,dirt_tile_1,800,6560,0
tile,dirt_tile_1,800,6624,0
tile,dirt_tile_1,800,6688,0
tile,dirt_tile_1,800,6752,0
tile,dirt_tile_1,800,6816,0
tile,dirt_tile_1,800,6880,0
tile,dirt_tile_1,800,6944,0
tile,dirt_tile_1,800,7008,0
tile,dirt_tile_1,800,7072,0
tile,dirt_tile_1,800,7136,0
tile,dirt_tile_1,800,7200,0
tile,dirt_tile_1,800,7264,0
tile,dirt_tile_1,800,7328,0
tile,dirt_tile_1,800,7392,0
tile,dirt_tile_1,800,7456,0
tile,dirt_tile_1,800,7520,0
tile,dirt_tile_1,800,7584,0
tile,dirt_tile_1,800,7648,0
tile,dirt_tile_1,800,7712,0
tile,dirt_tile_1,800,7776,0
tile,dirt_tile_1,800,7840,0
tile,dirt_tile_1,800,7904,0
tile,dirt_tile_1,800,7968,0
tile,dirt_tile_1,800,8032,0
tile,dirt_tile_1,800,8096,0
tile,dirt_tile_1,800,8160,0
tile,dirt_tile_1,864,32,0
tile,dirt_tile_1,864,96,0
tile,dirt_tile_1,864,160,0
tile,dirt_tile_1,864,224,0
tile,dirt_tile_1,864,288,0
tile,dirt_tile_1,864,352,0
tile,dirt_tile_1,864,416,0
tile,dirt_tile_1,864,480,0
tile,dirt_tile_1,864,736,0
tile,dirt_tile_1,864,800,0
tile,dirt_tile_1,864,864,0
tile,dirt_tile_1,864,928,0
tile,dirt_tile_1,864,992,0
tile,dirt_tile_1,864,1056,0
tile,dirt_tile_1,864,1120,0
tile,dirt_tile_1,864,1184,0
tile,dirt_tile_1,864,1248,0
tile,dirt_tile_1,864,1312,0
tile,dirt_tile_1,864,1376,0
tile,dirt_tile_1,864,1440,0
tile,dirt_tile_1,864,1504,0
tile,dirt_tile_1,864,1568,0
tile,dirt_tile_1,864,1632,0
tile,dirt_tile_1,864,1696,0
tile,dirt_tile_1,864,1760,0
tile,dirt_tile_1,864,1824,0
tile,dirt_tile_1,864,1888,0
tile,dirt_tile_1,864,1952,0
tile,dirt_tile_1,864,2016,0
tile,dirt_tile_1,864,2080,0
tile,dirt_tile_1,864,2144,0
tile,dirt_tile_1,864,2208,0
tile,dirt_tile_1,864,2272,0
tile,dirt_tile_1,864,2336,0
tile,dirt_tile_1,864,2400,0
tile,dirt_tile_1,864,2464,0
tile,dirt_tile_1,864,2528,0
tile,dirt_tile_1,864,2592,0
tile,dirt_tile_1,864,2656,0
tile,dirt_tile_1,864,2720,0
tile,dirt_tile_1,864,2784,0
tile,dirt_tile_1,864,2848,0
tile,dirt_tile_1,864,2912,0
tile,dirt_tile_1,864,2976,0
tile,dirt_tile_1,864,3040,0
tile,dirt_tile_1,864,3104,0
tile,dirt_tile_1,864,3168,0
tile,dirt_tile_1,864,3232,0
tile,dirt_tile_1,864,3296,0
tile,dirt_tile_1,864,3360,0
tile,dirt_tile_1,864,3424,0
tile,dirt_tile_1,864,3488,0
tile,dirt_tile_1,864,3552,0
tile,dirt_tile_1,864,3616,0
tile,dirt_tile_1,864,3680,0
tile,dirt_tile_1,864,3744,0
tile,dirt_tile_1,864,3808,0
tile,dirt_tile_1,864,3872,0
tile,dirt_tile_1,864,3936,0
tile,dirt_tile_1,864,4000,0
tile,dirt_tile_1,864,4064,0
tile,dirt_tile_1,864,4128,0
tile,dirt_tile_1,864,4192,0
tile,dirt_tile_1,864,4256,0
tile,dirt_tile_1,864,4320,0
tile,dirt_tile_1,864,4384,0
tile,dirt_tile_1,864,4448,0
tile,dirt_tile_1,864,4512,0
tile,dirt_tile_1,864,4576,0
tile,dirt_tile_1,864,4640,0
tile,dirt_tile_1,864,4704,0
tile,dirt_tile_1,864,4768,0
tile,dirt_tile_1,864,4832,0
tile,dirt_tile_1,864,4896,0
tile,dirt_tile_1,864,4960,0
tile,dirt_tile_1,864,5024,0
tile,dirt_tile_1,864,5088,0
tile,dirt_tile_1,864,5152,0
tile,dirt_tile_1,864,5216,0
tile,dirt_tile_1,864,5280,0
tile,dirt_tile_1,864,5344,0
tile,dirt_tile_1,864,5408,0
tile,dirt_tile_1,864,5472,0
tile,dirt_tile_1,864,5536,0
tile,dirt_tile_1,864,5600,0
tile,dirt_tile_1,864,5664,0
tile,dirt_tile_1,864,5728,0
tile,dirt_tile_1,864,5792,0
tile,dirt_tile_1,864,5856,0
tile,dirt_tile_1,864,5920,0
tile,dirt_tile_1,864,5984,0
tile,dirt_tile_1,864,6048,0
tile,dirt_tile_1,864,6112,0
tile,dirt_tile_1,864,6176,0
tile,dirt_tile_1,864,6240,0
tile,dirt_tile_1,864,6304,0
tile,dirt_tile_1,864,6368,0
tile,dirt_tile_1,864,6432,0
tile,dirt_tile_1,864,6496,0
tile,dirt_tile_1,864,6560,0
tile,dirt_tile_1,864,6624,0
tile,dirt_tile_1,864,6688,0
tile,dirt_tile_1,864,6752,0
tile,dirt_tile_1,864,6816,0
tile,dirt_tile_1,864,6880,0
tile,dirt_tile_1,864,6944,0
tile,dirt_tile_1,864,7008,0
tile,dirt_tile_1,864,7072,0
tile,dirt_tile_1,864,7136,0
tile,dirt_tile_1,864,7200,0
tile,dirt_tile_1,864,7264,0
tile,dirt_tile_1,864,7328,0
tile,dirt_tile_1,864,7392,0
tile,dirt_tile_1,864,7456,0
tile,dirt_tile_1,864,7520,0
tile,dirt_tile_1,864,7584,0
tile,dirt_tile_1,864,7648,0
tile,dirt_tile_1,864,7712,0
tile,dirt_tile_1,864,7776,0
tile,dirt_tile_1,864,7840,0
tile,dirt_tile_1,864,7904,0
tile,dirt_tile_1,864,7968,0
tile,dirt_tile_1,864,8032,0
tile,dirt_tile_1,864,8096,0
tile,dirt_tile_1,864,8160,0
tile,dirt_tile_1,928,32,0
tile,dirt_tile_1,928,96,0
tile,dirt_tile_1,928,160,0
tile,dirt_tile_1,928,224,0
tile,dirt_tile_1,928,288,0
tile,dirt_tile_1,928,352,0
tile,dirt_tile_1,928,416,0
tile,dirt_tile_1,928,480,0
tile,dirt_tile_1,928,736,0
tile,dirt_tile_1,928,800,0
tile,dirt_tile_1,928,864,0
tile,dirt_tile_1,928,928,0
tile,dirt_tile_1,928,992,0
tile,dirt_tile_1,928,1056,0
tile,dirt_tile_1,928,1120,0
tile,dirt_tile_1,928,1184,0
tile,dirt_tile_1,928,1248,0
tile,dirt_tile_1,928,1312,0
tile,dirt_tile_1,928,1376,0
tile,dirt_tile_1,928,1440,0
tile,dirt_tile_1,928,1504,0
tile,dirt_tile_1,928,1568,0
tile,dirt_tile_1,928,1632,0
tile,dirt_tile_1,928,1696,0
tile,dirt_tile_1,928,1760,0
tile,dirt_tile_1,928,1824,0
tile,dirt_tile_1,928,1888,0
tile,dirt_tile_1,928,1952,0
tile,dirt_tile_1,928,2016,0
tile,dirt_tile_1,928,2080,0
tile,dirt_tile_1,928,2144,0
tile,dirt_tile_1,928,2208,0
tile,dirt_tile_1,928,2272,0
tile,dirt_tile_1,928,2336,0
tile,dirt_tile_1,928,2400,0
tile,dirt_tile_1,928,2464,0
tile,dirt_tile_1,928,2528,0
tile,dirt_tile_1,928,2592,0
tile,dirt_tile_1,928,2656,0
tile,dirt_tile_1,928,2720,0
tile,dirt_tile_1,928,2784,0
tile,dirt_tile_1,928,2848,0
tile,dirt_tile_1,928,2912,0
tile,dirt_tile_1,928,2976,0
tile,dirt_tile_1,928,3040,0
tile,dirt_tile_1,928,3104,0
tile,dirt_tile_1,928,3168,0
tile,dirt_tile_1,928,3232,0
tile,dirt_tile_1,928,3296,0
tile,dirt_tile_1,928,3360,0
tile,dirt_tile_1,928,3424,0
tile,dirt_tile_1,928,3488,0
tile,dirt_tile_1,928,3552,0
tile,dirt_tile_1,928,3616,0
tile,dirt_tile_1,928,3680,0
tile,dirt_tile_1,928,3744,0
tile,dirt_tile_1,928,3808,0
tile,dirt_tile_1,928,3872,0
tile,dirt_tile_1,928,3936,0
tile,dirt_tile_1,928,4000,0
tile,dirt_tile_1,928,4064,0
tile,dirt_tile_1,928,4128,0
tile,dirt_tile_1,928,4192,0
tile,dirt_tile_1,928,4256,0
tile,dirt_tile_1,928,4320,0
tile,dirt_tile_1,928,4384,0
tile,dirt_tile_1,928,4448,0
tile,dirt_tile_1,928,4512,0
tile,dirt_tile_1,928,4576,0
tile,dirt_tile_1,928,4640,0
tile,dirt_tile_1,928,4704,0
tile,dirt_tile_1,928,4768,0
tile,dirt_tile_1,928,4832,0
tile,dirt_tile_1,928,4896,0
tile,dirt_tile_1,928,4960,0
tile,dirt_tile_1,928,5024,0
tile,dirt_tile_1,928,5088,0
tile,dirt_tile_1,928,5152,0
tile,dirt_tile_1,928,5216,0
tile,dirt_tile_1,928,5280,0
tile,dirt_tile_1,928,5344,0
tile,dirt_tile_1,928,5408,0
tile,dirt_tile_1,928,5472,0
tile,dirt_tile_1,928,5536,0
tile,dirt_tile_1,928,5600,0
tile,dirt_tile_1,928,5664,0
tile,dirt_tile_1,928,5728,0
tile,dirt_tile_1,928,5792,0
tile,dirt_tile_1,928,5856,0
tile,dirt_tile_1,928,5920,0
tile,dirt_tile_1,928,5984,0
tile,dirt_tile_1,928,6048,0
tile,dirt_tile_1,928,6112,0
tile,dirt_tile_1,928,6176,0
tile,dirt_tile_1,928,6240,0
tile,dirt_tile_1,928,6304,0
tile,dirt_tile_1,928,6368,0
tile,dirt_tile_1,928,6432,0
tile,dirt_tile_1,928,6496,0
tile,dirt_tile_1,928,6560,0
tile,dirt_tile_1,928,6624,0
tile,dirt_tile_1,928,6688,0
tile,dirt_tile_1,928,6752,0
tile,dirt_tile_1,928,6816,0
tile,dirt_tile_1,928,6880,0
tile,dirt_tile_1,928,6944,0
tile,dirt_tile_1,928,7008,0
tile,dirt_tile_1,928,7072,0
tile,dirt_tile_1,928,7136,0
tile,dirt_tile_1,928,7200,0
tile,dirt_tile_1,928,7264,0
tile,dirt_tile_1,928,7328,0
tile,dirt_tile_1,928,7392,0
tile,dirt_tile_1,928,7456,0
tile,dirt_tile_1,928,7520,0
tile,dirt_tile_1,928,7584,0
tile,dirt_tile_1,928,7648,0
tile,dirt_tile_1,928,7712,0
tile,dirt_tile_1,928,7776,0
tile,dirt_tile_1,928,7840,0
tile,dirt_tile_1,928,7904,0
tile,dirt_tile_1,928,7968,0
tile,dirt_tile_1,928,8032,0
tile,dirt_tile_1,928,8096,0
tile,dirt_tile_1,928,8160,0
tile,dirt_tile_1,992,32,0
tile,dirt_tile_1,992,96,0
tile,dirt_tile_1,992,160,0
tile,dirt_tile_1,992,224,0
tile,dirt_tile_1,992,288,0
tile,dirt_tile_1,992,352,0
tile,dirt_tile_1,992,416,0
tile,dirt_tile_1,992,480,0
tile,dirt_tile_1,992,736,0
tile,dirt_tile_1,992,800,0
tile,dirt_tile_1,992,864,0
tile,dirt_tile_1,992,928,0
tile,dirt_tile_1,992,992,0
tile,dirt_tile_1,992,1056,0
tile,dirt_tile_1,992,1120,0
tile,dirt_tile_1,992,1184,0
tile,dirt_tile_1,992,1248,0
tile,dirt_tile_1,992,1312,0
tile,dirt_tile_1,992,1376,0
tile,dirt_tile_1,992,1440,0
tile,dirt_tile_1,992,1504,0
tile,dirt_tile_1,992,1568,0
tile,dirt_tile_1,992,1632,0
tile,dirt_tile_1,992,1696,0
tile,dirt_tile_1,992,1760,0
tile,dirt_tile_1,992,1824,0
tile,dirt_tile_1,992,1888,0
tile,dirt_tile_1,992,1952,0
tile,dirt_tile_1,992,2016,0
tile,dirt_tile_1,992,2080,0
tile,dirt_tile_1,992,2144,0
tile,dirt_tile_1,992,2208,0
tile,dirt_tile_1,992,2272,0
tile,dirt_tile_1,992,2336,0
tile,dirt_tile_1,992,2400,0
tile,dirt_tile_1,992,2464,0
tile,dirt_tile_1,992,2528,0
tile,dirt_tile_1,992,2592,0
tile,dirt_tile_1,992,2656,0
tile,dirt_tile_1,992,2720,0
tile,dirt_tile_1,992,2784,0
tile,dirt_tile_1,992,2848,0
tile,dirt_tile_1,992,2912,0
tile,dirt_tile_1,992,2976,0
tile,dirt_tile_1,992,3040,0
tile,dirt_tile_1,992,3104,0
tile,dirt_tile_1,992,3168,0
tile,dirt_tile_1,992,3232,0
tile,dirt_tile_1,992,3296,0
tile,dirt_tile_1,992,3360,0
tile,dirt_tile_1,992,3424,0
tile,dirt_tile_1,992,3488,0
tile,dirt_tile_1,992,3552,0
tile,dirt_tile_1,992,3616,0
tile,dirt_tile_1,992,3680,0
tile,dirt_tile_1,992,3744,0
tile,dirt_tile_1,992,3808,0
tile,dirt_tile_1,992,3872,0
tile,dirt_tile_1,992,3936,0
tile,dirt_tile_1,992,4000,0
tile,dirt_tile_1,992,4064,0
tile,dirt_tile_1,992,4128,0
tile,dirt_tile_1,992,4192,0
tile,dirt_tile_1,992,4256,0
tile,dirt_tile_1,992,4320,0
tile,dirt_tile_1,992,4384,0
tile,dirt_tile_1,992,4448,0
tile,dirt_tile_1,992,4512,0
tile,dirt_tile_1,992,4576,0
tile,dirt_tile_1,992,4640,0
tile,dirt_tile_1,992,4704,0
tile,dirt_tile_1,992,4768,0
tile,dirt_tile_1,992,4832,0
tile,dirt_tile_1,992,4896,0
tile,dirt_tile_1,992,4960,0
tile,dirt_tile_1,992,5024,0
tile,dirt_tile_1,992,5088,0
tile,dirt_tile_1,992,5152,0
tile,dirt_tile_1,992,5216,0
tile,dirt_tile_1,992,5280,0
tile,dirt_tile_1,992,5344,0
tile,dirt_tile_1,992,5408,0
tile,dirt_tile_1,992,5472,0
tile,dirt_tile_1,992,5536,0
tile,dirt_tile_1,992,5600,0
tile,dirt_tile_1,992,5664,0
tile,dirt_tile_1,992,5728,0
tile,dirt_tile_1,992,5792,0
tile,dirt_tile_1,992,5856,0
tile,dirt_tile_1,992,5920,0
tile,dirt_tile_1,992,5984,0
tile,dirt_tile_1,992,6048,0
tile,dirt_tile_1,992,6112,0
tile,dirt_tile_1,992,6176,0
tile,dirt_tile_1,992,6240,0
tile,dirt_tile_1,992,6304,0
tile,dirt_tile_1,992,6368,0
tile,dirt_tile_1,992,6432,0
tile,dirt_tile_1,992,6496,0
tile,dirt_tile_1,992,6560,0
tile,dirt_tile_1,992,6624,0
tile,dirt_tile_1,992,6688,0
tile,dirt_tile_1,992,6752,0
tile,dirt_tile_1,992,6816,0
tile,dirt_tile_1,992,6880,0
tile,dirt_tile_1,992,6944,0
tile,dirt_tile_1,992,7008,0
tile,dirt_tile_1,992,7072,0
tile,dirt_tile_1,992,7136,0
tile,dirt_tile_1,992,7200,0
tile,dirt_tile_1,992,7264,0
tile,dirt_tile_1,992,7328,0
tile,dirt_tile_1,992,7392,0
tile,dirt_tile_1,992,7456,0
tile,dirt_tile_1,992,7520,0
tile,dirt_tile_1,992,7584,0
tile,dirt_tile_1,992,7648,0
tile,dirt_tile_1,992,7712,0
tile,dirt_tile_1,992,7776,0
tile,dirt_tile_1,992,7840,0
tile,dirt_tile_1,992,7904,0
tile,dirt_tile_1,992,7968,0
tile,dirt_tile_1,992,8032,0
tile,dirt_tile_1,992,8096,0
tile,dirt_tile_1,992,8160,0
tile,road_centre_1,480,32,0
tile,road_side_left_1,416,32,0
tile,road_side_left_2,416,96,0
tile,road_centre_1,480,96,0
tile,road_centre_2,480,160,0
tile,road_centre_1,480,224,0
tile,road_centre_2,480,288,0
tile,road_centre_2,480,352,0
tile,road_centre_2,480,416,0
tile,road_side_left_1,416,160,0
tile,road_side_left_2,416,224,0
tile,road_side_left_2,416,288,0
tile,road_side_left_1,416,352,0
tile,road_side_left_2,416,416,0
tile,road_side_right_1,544,32,0
tile,road_side_right_1,544,96,0
tile,road_side_right_1,544,160,0
tile,road_side_right_2,544,224,0
tile,road_side_right_2,544,288,0
tile,road_side_right_2,544,352,0
tile,road_side_right_2,544,416,0
tile,road_side_left_1,416,480,0
tile,road_side_right_1,544,480,0
tile,road_centre_2,480,480,0
tile,road_corner_top_left_1,416,544,0
tile,road_corner_top_right_1,544,544,0
tile,road_junction_centre_1,480,544,0
tile,road_junction_centre_2,416,608,0
tile,road_junction_centre_3,544,608,0
tile,road_centre_3,480,608,0
tile,road_junction_centre_4,480,672,0
tile,road_corner_bottom_left_1,416,672,0
tile,road_corner_bottom_right_1,544,672,0
tile,road_centre_4,608,608,0
tile,road_centre_5,672,608,0
tile,road_centre_4,352,608,0
tile,road_centre_5,288,608,0
tile,road_centre_5,224,608,0
tile,road_centre_5,160,608,0
tile,road_centre_4,736,608,0
tile,road_centre_4,800,608,0
tile,road_centre_5,864,608,0
tile,road_centre_5,928,608,0
tile,road_centre_5,992,608,0
tile,road_centre_4,96,608,0
tile,road_centre_4,32,608,0
tile,road_side_bottom_1,32,672,0
tile,road_side_bottom_1,160,672,0
tile,road_side_bottom_1,224,672,0
tile,road_side_bottom_1,352,672,0
tile,road_side_bottom_1,608,672,0
tile,road_side_bottom_1,672,672,0
tile,road_side_bottom_1,800,672,0
tile,road_side_bottom_2,736,672,0
tile,road_side_bottom_2,864,672,0
tile,road_side_bottom_2,928,672,0
tile,road_side_bottom_2,992,672,0
tile,road_side_bottom_2,288,672,0
tile,road_side_bottom_2,96,672,0
tile,road_side_top_1,608,544,0
tile,road_side_top_1,672,544,0
tile,road_side_top_1,736,544,0
tile,road_side_top_2,800,544,0
tile,road_side_top_2,864,544,0
tile,road_side_top_2,992,544,0
tile,road_side_top_1,928,544,0
tile,road_side_top_1,224,544,0
tile,road_side_top_1,96,544,0
tile,road_side_top_1,352,544,0
tile,road_side_top_2,288,544,0
tile,road_side_top_2,160,544,0
tile,road_side_top_2,32,544,0
tile,road_centre_1,480,736,0
tile,road_centre_1,480,800,0
tile,road_centre_1,480,864,0
tile,road_centre_2,480,928,0
tile,road_centre_2,480,992,0
tile,road_centre_2,480,1056,0
tile,road_centre_2,480,1120,0
tile,road_side_left_1,416,1120,0
tile,road_side_left_1,416,1056,0
tile,road_side_left_1,416,992,0
tile,road_side_left_2,416,928,0
tile,road_side_left_2,416,864,0
tile,road_side_left_2,416,736,0
tile,road_side_left_1,416,800,0
tile,road_side_right_1,544,736,0
tile,road_side_right_1,544,864,0
tile,road_side_right_1,544,928,0
tile,road_side_right_2,544,800,0
tile,road_side_right_2,544,992,0
tile,road_side_right_2,544,1056,0
tile,road_side_right_2,544,1120,0
tile,road_bridge_right_1,544,1184,0
tile,road_bridge_right_2,544,1248,0
tile,road_bridge_left_2,416,1248,0
tile,road_bridge_left_1,416,1184,0
tile,road_centre_2,480,1184,0
tile,road_centre_1,480,1248,0
tile,road_centre_1,480,1312,0
tile,road_centre_1,480,1376,0
tile,road_centre_2,480,1440,0
tile,road_centre_2,480,1504,0
tile,road_side_right_2,544,1312,0
tile,road_side_right_2,544,1376,0
tile,road_side_right_1,544,1440,0
tile,road_side_right_1,544,1504,0
tile,road_side_left_2,416,1504,0
tile,road_side_left_2,416,1440,0
tile,road_side_left_2,416,1376,0
tile,road_side_left_1,416,1312,0
tile,road_centre_2,480,1568,0
tile,road_centre_2,480,1632,0
tile,road_centre_2,480,1696,0
tile,road_centre_2,480,1760,0
tile,road_centre_2,480,1824,0
tile,road_centre_2,480,1888,0
tile,road_centre_2,480,1952,0
tile,road_centre_2,480,2016,0
tile,road_centre_2,480,2080,0
tile,road_centre_2,480,2144,0
tile,road_centre_2,480,2208,0
tile,road_centre_2,480,2272,0
tile,road_centre_2,480,2336,0
tile,road_centre_2,480,2400,0
tile,road_centre_2,480,2464,0
tile,road_centre_2,480,2528,0
tile,road_centre_2,480,2592,0
tile,road_centre_2,480,2656,0
tile,road_centre_2,480,2720,0
tile,road_centre_2,480,2784,0
tile,road_centre_2,480,2848,0
tile,road_centre_2,480,2912,0
tile,road_centre_2,480,2976,0
tile,road_centre_2,480,3040,0
tile,road_centre_2,480,3104,0
tile,road_centre_2,480,3168,0
tile,road_centre_2,480,3232,0
tile,road_centre_2,480,3296,0
tile,road_centre_2,480,3360,0
tile,road_centre_2,480,3424,0
tile,road_centre_2,480,3488,0
tile,road_centre_2,480,3552,0
tile,road_centre_2,480,3616,0
tile,road_centre_2,480,3680,0
tile,road_centre_2,480,3744,0
tile,road_centre_2,480,3808,0
tile,road_centre_2,480,3872,0
tile,road_centre_2,480,3936,0
tile,road_centre_2,480,4000,0
tile,road_centre_2,480,4064,0
tile,road_centre_2,480,4128,0
tile,road_centre_2,480,4192,0
tile,road_centre_2,480,4256,0
tile,road_centre_2,480,4320,0
tile,road_centre_2,480,4384,0
tile,road_centre_2,480,4448,0
tile,road_centre_2,480,4512,0
tile,road_centre_2,480,4576,0
tile,road_centre_2,480,4640,0
tile,road_centre_2,480,4704,0
tile,road_centre_2,480,4768,0
tile,road_centre_2,480,4832,0
tile,road_centre_2,480,4896,0
tile,road_centre_2,480,4960,0
tile,road_centre_2,480,5024,0
tile,road_centre_2,480,5088,0
tile,road_centre_2,480,5152,0
tile,road_centre_2,480,5216,0
tile,road_centre_2,480,5280,0
tile,road_centre_2,480,5344,0
tile,road_centre_2,480,5408,0
tile,road_centre_2,480,5472,0
tile,road_centre_2,480,5536,0
tile,road_centre_2,480,5600,0
tile,road_centre_2,480,5664,0
tile,road_centre_2,480,5728,0
tile,road_centre_2,480,5792,0
tile,road_centre_2,480,5856,0
tile,road_centre_2,480,5920,0
tile,road_centre_2,480,5984,0
tile,road_centre_2,480,6048,0
tile,road_centre_2,480,6112,0
tile,road_centre_2,480,6176,0
tile,road_centre_2,480,6240,0
tile,road_centre_2,480,6304,0
tile,road_centre_2,480,6368,0
tile,road_centre_2,480,6432,0
tile,road_centre_2,480,6496,0
tile,road_centre_2,480,6560,0
tile,road_centre_2,480,6624,0
tile,road_centre_2,480,6688,0
tile,road_centre_2,480,6752,0
tile,road_centre_2,480,6816,0
tile,road_centre_2,480,6880,0
tile,road_centre_2,480,6944,0
tile,road_centre_2,480,7008,0
tile,road_centre_2,480,7072,0
tile,road_centre_2,480,7136,0
tile,road_centre_2,480,7200,0
tile,road_centre_2,480,7264,0
tile,road_centre_2,480,7328,0
tile,road_centre_2,480,7392,0
tile,road_centre_2,480,7456,0
tile,road_centre_2,480,7520,0
tile,road_centre_2,480,7584,0
tile,road_centre_2,480,7648,0
tile,road_centre_2,480,7712,0
tile,road_centre_2,480,7776,0
tile,road_centre_2,480,7840,0
tile,road_centre_2,480,7904,0
tile,road_centre_2,480,7968,0
tile,road_centre_2,480,8032,0
tile,road_centre_2,480,8096,0
tile,road_centre_2,480,8160,0
tile,road_side_left_2,416,8160,0
tile,road_side_left_2,416,8096,0
tile,road_side_left_2,416,8032,0
tile,road_side_left_2,416,7968,0
tile,road_side_left_2,416,7904,0
tile,road_side_left_2,416,7840,0
tile,road_side_left_2,416,7776,0
tile,road_side_left_2,416,7712,0
tile,road_side_left_2,416,7648,0
tile,road_side_left_2,416,7584,0
tile,road_side_left_2,416,7520,0
tile,road_side_left_2,416,7456,0
tile,road_side_left_2,416,7392,0
tile,road_side_left_2,416,7328,0
tile,road_side_left_2,416,7264,0
tile,road_side_left_2,416,7200,0
tile,road_side_left_2,416,7136,0
tile,road_side_left_2,416,7072,0
tile,road_side_left_2,416,7008,0
tile,road_side_left_2,416,6944,0
tile,road_side_left_2,416,6880,0
tile,road_side_left_2,416,6816,0
tile,road_side_left_2,416,6752,0
tile,road_side_left_2,416,6688,0
tile,road_side_left_2,416,6624,0
tile,road_side_left_2,416,6560,0
tile,road_side_left_2,416,6496,0
tile,road_side_left_2,416,6432,0
tile,road_side_left_2,416,6368,0
tile,road_side_left_2,416,6304,0
tile,road_side_left_2,416,6240,0
tile,road_side_left_2,416,6176,0
tile,road_side_left_2,416,6112,0
tile,road_side_left_2,416,6048,0
tile,road_side_left_2,416,5984,0
tile,road_side_left_2,416,5920,0
tile,road_side_left_2,416,5856,0
tile,road_side_left_2,416,5792,0
tile,road_side_left_2,416,5728,0
tile,road_side_left_2,416,5664,0
tile,road_side_left_2,416,5600,0
tile,road_side_left_2,416,5536,0
tile,road_side_left_2,416,5472,0
tile,road_side_left_2,416,5408,0
tile,road_side_left_2,416,5344,0
tile,road_side_left_2,416,5280,0
tile,road_side_left_2,416,5216,0
tile,road_side_left_2,416,5152,0
tile,road_side_left_2,416,5088,0
tile,road_side_left_2,416,5024,0
tile,road_side_left_2,416,4960,0
tile,road_side_left_2,416,4896,0
tile,road_side_left_2,416,4832,0
tile,road_side_left_2,416,4768,0
tile,road_side_left_2,416,4704,0
tile,road_side_left_2,416,4640,0
tile,road_side_left_2,416,4576,0
tile,road_side_left_2,416,4512,0
tile,road_side_left_2,416,4448,0
tile,road_side_left_2,416,4384,0
tile,road_side_left_2,416,4320,0
tile,road_side_left_2,416,4256,0
tile,road_side_left_2,416,4192,0
tile,road_side_left_2,416,4128,0
tile,road_side_left_2,416,4064,0
tile,road_side_left_2,416,4000,0
tile,road_side_left_2,416,3936,0
tile,road_side_left_2,416,3872,0
tile,road_side_left_2,416,3808,0
tile,road_side_left_2,416,3744,0
tile,road_side_left_2,416,3680,0
tile,road_side_left_2,416,3616,0
tile,road_side_left_2,416,3552,0
tile,road_side_left_2,416,3488,0
tile,road_side_left_2,416,3424,0
tile,road_side_left_2,416,3360,0
tile,road_side_left_2,416,3296,0
tile,road_side_left_2,416,3232,0
tile,road_side_left_2,416,3168,0
tile,road_side_left_2,416,3104,0
tile,road_side_left_2,416,3040,0
tile,road_side_left_2,416,2976,0
tile,road_side_left_2,416,2912,0
tile,road_side_left_2,416,2848,0
tile,road_side_left_2,416,2784,0
tile,road_side_left_2,416,2720,0
tile,road_side_left_2,416,2656,0
tile,road_side_left_2,416,2592,0
tile,road_side_left_2,416,2528,0
tile,road_side_left_2,416,2464,0
tile,road_side_left_2,416,2400,0
tile,road_side_left_2,416,2336,0
tile,road_side_left_2,416,2272,0
tile,road_side_left_2,416,2208,0
tile,road_side_left_2,416,2144,0
tile,road_side_left_2,416,2080,0
tile,road_side_left_2,416,2016,0
tile,road_side_left_2,416,1952,0
tile,road_side_left_2,416,1888,0
tile,road_side_left_2,416,1824,0
tile,road_side_left_2,416,1568,0
tile,road_side_left_2,416,1632,0
tile,road_side_left_2,416,1696,0
tile,road_side_left_2,416,1760,0
tile,road_side_right_2,544,1568,0
tile,road_side_right_2,544,1632,0
tile,road_side_right_2,544,1696,0
tile,road_side_right_2,544,1760,0
tile,road_side_right_2,544,1824,0
tile,road_side_right_2,544,1888,0
tile,road_side_right_2,544,1952,0
tile,road_side_right_2,544,2016,0
tile,road_side_right_2,544,2080,0
tile,road_side_right_2,544,2144,0
tile,road_side_right_2,544,2208,0
tile,road_side_right_2,544,2272,0
tile,road_side_right_2,544,2336,0
tile,road_side_right_2,544,2400,0
tile,road_side_right_2,544,2464,0
tile,road_side_right_2,544,2528,0
tile,road_side_right_2,544,2592,0
tile,road_side_right_2,544,2656,0
tile,road_side_right_2,544,2720,0
tile,road_side_right_2,544,2784,0
tile,road_side_right_2,544,2848,0
tile,road_side_right_2,544,2912,0
tile,road_side_right_2,544,2976,0
tile,road_side_right_2,544,3040,0
tile,road_side_right_2,544,3104,0
tile,road_side_right_2,544,3168,0
tile,road_side_right_2,544,3232,0
tile,road_side_right_2,544,3296,0
tile,road_side_right_2,544,3360,0
tile,road_side_right_2,544,3424,0
tile,road_side_right_2,544,3488,0
tile,road_side_right_2,544,3552,0
tile,road_side_right_2,544,3616,0
tile,road_side_right_2,544,3680,0
tile,road_side_right_2,544,3744,0
tile,road_side_right_2,544,3808,0
tile,road_side_right_2,544,3872,0
tile,road_side_right_2,544,3936,0
tile,road_side_right_2,544,4000,0
tile,road_side_right_2,544,4064,0
tile,road_side_right_2,544,4128,0
tile,road_side_right_2,544,4192,0
tile,road_side_right_2,544,4256,0
tile,road_side_right_2,544,4320,0
tile,road_side_right_2,544,4384,0
tile,road_side_right_2,544,4448,0
tile,road_side_right_2,544,4512,0
tile,road_side_right_2,544,4576,0
tile,road_side_right_2,544,4640,0
tile,road_side_right_2,544,4704,0
tile,road_side_right_2,544,4768,0
tile,road_side_right_2,544,4832,0
tile,road_side_right_2,544,4896,0
tile,road_side_right_2,544,4960,0
tile,road_side_right_2,544,5024,0
tile,road_side_right_2,544,5088,0
tile,road_side_right_2,544,5152,0
tile,road_side_right_2,544,5216,0
tile,road_side_right_2,544,5280,0
tile,road_side_right_2,544,5344,0
tile,road_side_right_2,544,5408,0
tile,road_side_right_2,544,5472,0
tile,road_side_right_2,544,5536,0
tile,road_side_right_2,544,5600,0
tile,road_side_right_2,544,5664,0
tile,road_side_right_2,544,5728,0
tile,road_side_right_2,544,5792,0
tile,road_side_right_2,544,5856,0
tile,road_side_right_2,544,5920,0
tile,road_side_right_2,544,5984,0
tile,road_side_right_2,544,6048,0
tile,road_side_right_2,544,6112,0
tile,road_side_right_2,544,6176,0
tile,road_side_right_2,544,6240,0
tile,road_side_right_2,544,6304,0
tile,road_side_right_2,544,6368,0
tile,road_side_right_2,544,6432,0
tile,road_side_right_2,544,6496,0
tile,road_side_right_2,544,6560,0
tile,road_side_right_2,544,6624,0
tile,road_side_right_2,544,6688,0
tile,road_side_right_2,544,6752,0
tile,road_side_right_2,544,6816,0
tile,road_side_right_2,544,6880,0
tile,road_side_right_2,544,6944,0
tile,road_side_right_2,544,7008,0
tile,road_side_right_2,544,7072,0
tile,road_side_right_2,544,7136,0
tile,road_side_right_2,544,7200,0
tile,road_side_right_2,544,7264,0
tile,road_side_right_2,544,7328,0
tile,road_side_right_2,544,7392,0
tile,road_side_right_2,544,7456,0
tile,road_side_right_2,544,7520,0
tile,road_side_right_2,544,7584,0
tile,road_side_right_2,544,7648,0
tile,road_side_right_2,544,7712,0
tile,road_side_right_2,544,7776,0
tile,road_side_right_2,544,7840,0
tile,road_side_right_2,544,7904,0
tile,road_side_right_2,544,7968,0
tile,road_side_right_2,544,8032,0
tile,road_side_right_2,544,8096,0
tile,road_side_right_2,544,8160,0
